segments, rdd, rdd-v2, dataset, dataset-v2
20, 14.595168841, 5.955895677, 23.513776107, 9.236750423, 
20, 12.651091516, 6.46344969, 19.893867218, 8.87018719, 